{
  "train_loss": [
    40.48243713378906,
    29.684621810913086,
    28.91701316833496,
    27.948280334472656,
    26.89641571044922,
    25.984020233154297,
    25.264768600463867,
    24.658660888671875,
    23.997909545898438,
    23.375465393066406,
    22.848651885986328,
    22.411544799804688,
    22.025110244750977,
    21.655017852783203,
    21.30785369873047,
    20.988319396972656,
    20.68515396118164,
    20.331758499145508,
    19.36648178100586,
    17.44138526916504,
    15.668059349060059,
    14.313919067382812,
    13.217948913574219,
    12.272470474243164,
    11.445470809936523,
    10.695756912231445,
    9.98433780670166,
    9.303573608398438,
    8.651082038879395,
    7.993076324462891,
    7.293531894683838,
    6.571186065673828,
    5.8501996994018555,
    5.167661190032959,
    4.525737285614014,
    3.9144203662872314,
    3.339092493057251,
    2.839535713195801,
    2.422508478164673,
    2.056558847427368,
    1.738975167274475,
    1.4622951745986938,
    1.2251650094985962,
    1.0318834781646729,
    0.8745170831680298,
    0.7445335984230042,
    0.6368776559829712,
    0.54732346534729,
    0.4718073308467865,
    0.4084782898426056,
    0.3550163209438324,
    0.3096039295196533,
    0.27144649624824524,
    0.23858565092086792,
    0.21063856780529022,
    0.1866956502199173,
    0.16587002575397491,
    0.148013636469841,
    0.1324387639760971,
    0.11899207532405853,
    0.10736281424760818,
    0.0971585214138031,
    0.08834551274776459,
    0.08073731511831284,
    0.0740528479218483,
    0.06815692782402039,
    0.0631679967045784,
    0.05857975408434868,
    0.05458294227719307,
    0.050976138561964035,
    0.0477006770670414,
    0.04498609900474548,
    0.042159754782915115,
    0.03989937901496887,
    0.03769225627183914,
    0.03564215451478958,
    0.03381616994738579,
    0.032096803188323975,
    0.030545447021722794,
    0.028974292799830437,
    0.027714168652892113,
    0.026303958147764206,
    0.02510923705995083,
    0.023832526057958603,
    0.022779004648327827,
    0.021772872656583786,
    0.020791800692677498,
    0.019889282062649727,
    0.019040033221244812,
    0.018319446593523026,
    0.017342867329716682,
    0.01677805371582508,
    0.016105754300951958,
    0.015377940610051155,
    0.01479332149028778,
    0.014251830987632275,
    0.013671447522938251,
    0.01319895125925541,
    0.012740295380353928,
    0.012254292145371437
  ],
  "val_loss": [
    23.767396926879883,
    23.767396926879883,
    23.767396926879883,
    23.767396926879883,
    23.767396926879883,
    23.767396926879883,
    23.767396926879883,
    23.767396926879883,
    23.767396926879883,
    23.767396926879883,
    16.966768264770508,
    16.966768264770508,
    16.966768264770508,
    16.966768264770508,
    16.966768264770508,
    16.966768264770508,
    16.966768264770508,
    16.966768264770508,
    16.966768264770508,
    16.966768264770508,
    7.840536594390869,
    7.840536594390869,
    7.840536594390869,
    7.840536594390869,
    7.840536594390869,
    7.840536594390869,
    7.840536594390869,
    7.840536594390869,
    7.840536594390869,
    7.840536594390869,
    1.9304835796356201,
    1.9304835796356201,
    1.9304835796356201,
    1.9304835796356201,
    1.9304835796356201,
    1.9304835796356201,
    1.9304835796356201,
    1.9304835796356201,
    1.9304835796356201,
    1.9304835796356201,
    0.38335859775543213,
    0.38335859775543213,
    0.38335859775543213,
    0.38335859775543213,
    0.38335859775543213,
    0.38335859775543213,
    0.38335859775543213,
    0.38335859775543213,
    0.38335859775543213,
    0.38335859775543213,
    0.11388682574033737,
    0.11388682574033737,
    0.11388682574033737,
    0.11388682574033737,
    0.11388682574033737,
    0.11388682574033737,
    0.11388682574033737,
    0.11388682574033737,
    0.11388682574033737,
    0.11388682574033737,
    0.048746801912784576,
    0.048746801912784576,
    0.048746801912784576,
    0.048746801912784576,
    0.048746801912784576,
    0.048746801912784576,
    0.048746801912784576,
    0.048746801912784576,
    0.048746801912784576,
    0.048746801912784576,
    0.027540329843759537,
    0.027540329843759537,
    0.027540329843759537,
    0.027540329843759537,
    0.027540329843759537,
    0.027540329843759537,
    0.027540329843759537,
    0.027540329843759537,
    0.027540329843759537,
    0.027540329843759537,
    0.017396777868270874,
    0.017396777868270874,
    0.017396777868270874,
    0.017396777868270874,
    0.017396777868270874,
    0.017396777868270874,
    0.017396777868270874,
    0.017396777868270874,
    0.017396777868270874,
    0.017396777868270874,
    0.013193147256970406
  ],
  "epoch": [
    0,
    1,
    2,
    3,
    4,
    5,
    6,
    7,
    8,
    9,
    10,
    11,
    12,
    13,
    14,
    15,
    16,
    17,
    18,
    19,
    20,
    21,
    22,
    23,
    24,
    25,
    26,
    27,
    28,
    29,
    30,
    31,
    32,
    33,
    34,
    35,
    36,
    37,
    38,
    39,
    40,
    41,
    42,
    43,
    44,
    45,
    46,
    47,
    48,
    49,
    50,
    51,
    52,
    53,
    54,
    55,
    56,
    57,
    58,
    59,
    60,
    61,
    62,
    63,
    64,
    65,
    66,
    67,
    68,
    69,
    70,
    71,
    72,
    73,
    74,
    75,
    76,
    77,
    78,
    79,
    80,
    81,
    82,
    83,
    84,
    85,
    86,
    87,
    88,
    89,
    90,
    91,
    92,
    93,
    94,
    95,
    96,
    97,
    98,
    99
  ]
}