{
  "train_loss": [
    1.618054986000061,
    1.616214394569397,
    1.614413857460022,
    1.6125783920288086,
    1.6107455492019653,
    1.608848214149475,
    1.6069704294204712,
    1.6050376892089844,
    1.6030693054199219,
    1.6011165380477905
  ],
  "val_loss": [
    1.6461286544799805,
    1.644597053527832,
    1.6430199146270752,
    1.641432285308838,
    1.6398224830627441,
    1.6382052898406982,
    1.6365920305252075,
    1.634892463684082,
    1.6331866979599,
    1.631494164466858
  ],
  "epoch": [
    0,
    1,
    2,
    3,
    4,
    5,
    6,
    7,
    8,
    9
  ],
  "best_val_loss": 1.631494164466858,
  "best_epoch": 9
}