{
  "train_loss": [
    1.5838632583618164,
    1.5642050504684448,
    1.5458760261535645,
    1.5280940532684326,
    1.5114129781723022,
    1.4950650930404663,
    1.479971170425415,
    1.4656322002410889
  ],
  "val_loss": [
    1.604697585105896,
    1.5888694524765015,
    1.573233723640442,
    1.5583001375198364,
    1.5440043210983276,
    1.5305852890014648,
    1.517974615097046,
    1.5057109594345093
  ],
  "epoch": [
    2,
    3,
    4,
    5,
    6,
    7,
    8,
    9
  ],
  "best_val_loss": 1.5057109594345093,
  "best_epoch": 9
}